time,X_sp3,Y_sp3,Z_sp3,X_nav,Y_nav,Z_nav,dX,dY,dZ,d3d
2021-09-15 00:00:00+00:00,8051238.944,18843150.384,-16974747.091000002,8051238.42695811,18843150.040590663,-16974746.79988224,0.517041889950633,0.34340933710336685,-0.29111776128411293,0.6855740949806739
2021-09-15 00:05:00+00:00,7864758.007999999,19445553.636,-16361098.361,7864757.514915602,19445553.260066286,-16361098.125584826,0.4930843971669674,0.3759337142109871,-0.2354151736944914,0.6632335065537531
2021-09-15 00:10:00+00:00,7692980.069999999,20028047.717,-15716273.331,7692979.612512078,20028047.29280817,-15716273.164158262,0.457487921230495,0.42419182881712914,-0.16684173792600632,0.6458096245962818
2021-09-15 00:15:00+00:00,7535234.927,20589142.789,-15041477.231,7535234.515507383,20589142.303981576,-15041477.145972924,0.4114926168695092,0.48501842468976974,-0.08502707630395889,0.6417153962088348
2021-09-15 00:20:00+00:00,7390768.807,21127408.683000002,-14337974.167,7390768.451125547,21127408.126865394,-14337974.175067162,0.355874452739954,0.556134607642889,0.008067162707448006,0.6603009973074554
2021-09-15 00:25:00+00:00,7258748.154,21641480.649,-13607084.913999999,7258747.860181983,21641480.01516804,-13607085.026930941,0.2938180174678564,0.6338319592177868,0.11293094232678413,0.7076901706604488
2021-09-15 00:30:00+00:00,7138263.77,22130064.862999998,-12850184.597,7138263.5417966265,22130064.146111403,-12850184.825114686,0.22820337302982807,0.7168885953724384,0.22811468690633774,0.7861566943171285
2021-09-15 00:35:00+00:00,7028335.3040000005,22591943.651,-12068700.248,7028335.144324079,22591942.849822924,-12068700.599450214,0.15967592131346464,0.8011770769953728,0.3514502141624689,0.8893246660162971
2021-09-15 00:40:00+00:00,6927916.076,23025980.425,-11264108.249000002,6927915.984522221,23025979.541539997,-11264108.729000205,0.0914777796715498,0.8834600038826466,0.4800002034753561,1.0095890044816977
2021-09-15 00:45:00+00:00,6835898.2020000005,23431124.294,-10437931.662,6835898.175417805,23431123.33421371,-10437932.273191115,0.026582195423543453,0.9597862884402275,0.611191114410758,1.1381787693179255
2021-09-15 00:50:00+00:00,6751118.009,23806414.338999998,-9591737.453,6751118.041838407,23806413.3102897,-9591738.19492786,-0.03283840697258711,1.0287102982401848,0.7419278603047132,1.2687711332522653
2021-09-15 00:55:00+00:00,6672361.717,24150983.519,-8727133.611,6672361.801153537,24150982.432748318,-8727134.479837457,-0.08415353670716286,1.0862516835331917,0.8688374571502209,1.3935218206638456
2021-09-15 01:00:00+00:00,6598371.36,24464062.207,-7845766.169000001,6598371.485432319,24464061.07689305,-7845767.15614016,-0.12543231900781393,1.1301069483160973,0.9871401591226459,1.5057624895834942
2021-09-15 01:05:00+00:00,6527850.926,24744981.325,-6949316.1280000005,6527851.0799676925,24744980.16588803,-6949317.219999189,-0.15396769251674414,1.1591119691729546,1.0919991880655289,1.5999090080859941
2021-09-15 01:10:00+00:00,6459472.684,24993175.064999998,-6039496.291,6459472.851967098,24993173.894651413,-6039497.471551882,-0.16796709783375263,1.170348584651947,1.1805518819019198,1.6708176146466955
2021-09-15 01:15:00+00:00,6391883.676,25208183.191,-5118048.021,6391883.842155566,25208182.028411046,-5118049.267173571,-0.1661555664613843,1.1625889539718628,1.2461735708639026,1.712357823845
2021-09-15 01:20:00+00:00,6323712.345,25389652.902000003,-4186737.9090000005,6323712.491098578,25389651.76401255,-4186739.1938695153,-0.14609857834875584,1.1379874534904957,1.2848695148713887,1.7225707268913948
2021-09-15 01:25:00+00:00,6253575.262999999,25537340.239,-3247354.3800000004,6253575.371234717,25537339.143931277,-3247355.672025951,-0.10823471751064062,1.0950687229633331,1.2920259507372975,1.697121480467963
2021-09-15 01:30:00+00:00,6180083.9459999995,25651111.051,-2301704.23,6180083.994908921,25651110.01487296,-2301705.493078945,-0.048908921889960766,1.0361270383000374,1.263078945223242,1.6344172490533448
2021-09-15 01:35:00+00:00,6101851.698000001,25730941.488,-1351609.105,6101851.668139009,25730940.524841286,-1351610.2989740288,0.02986099198460579,0.9631587155163288,1.1939740288071334,1.534320817685567
2021-09-15 01:40:00+00:00,6017500.489,25776918.033000004,-398901.932,6017500.35941601,25776917.154599477,-398903.01059091784,0.12958399020135403,0.8784005269408226,1.078590917866677,1.3970461210535965
2021-09-15 01:45:00+00:00,5925667.804,25789237.069,554576.703,5925667.552559771,25789236.281542804,554575.7874077532,0.2514402288943529,0.7874571941792965,0.9155922468053177,1.2335396968809655
2021-09-15 01:50:00+00:00,5825013.4459999995,25768203.97,1506982.1979999999,5825013.052505965,25768203.27612521,1506981.4975789601,0.3934940341860056,0.6938747875392437,0.7004210397135466,1.0615504738805468
2021-09-15 01:55:00+00:00,5714226.268999999,25714231.737,2456469.6180000002,5714225.712916313,25714231.133129295,2456469.1885829023,0.5560836866497993,0.6038707047700882,0.429417097941041,0.9264383080603159
2021-09-15 02:00:00+00:00,5592030.794000001,25627839.167,3401197.396,5592030.935114833,25627838.467802245,3401196.4041011003,-0.14111483190208673,0.6991977542638779,0.991898899897933,1.2217423308411368
2021-09-15 02:05:00+00:00,5457193.687,25509648.568,4339331.035999999,5457193.836922616,25509647.87148434,4339330.031704991,-0.14992261584848166,0.6965156607329845,1.0042950082570314,1.2313485777793176
2021-09-15 02:10:00+00:00,5308530.067,25360383.032,5269046.835,5308530.231122304,25360382.340808045,5269045.814898899,-0.16412230394780636,0.6911919564008713,1.0201011011376977,1.2430964193451541
2021-09-15 02:15:00+00:00,5144909.620999999,25180863.270999998,6188535.579,5144909.802740881,25180862.588852383,6188534.542566188,-0.18174088187515736,0.6821476146578789,1.0364338122308254,1.2540136217216764
2021-09-15 02:20:00+00:00,4965262.477,24972004.032,7096006.244999999,4965262.681706814,24972003.363583706,7096005.190259598,-0.2047068141400814,0.6684162952005863,1.0547404009848833,1.265370513689493
2021-09-15 02:25:00+00:00,4768584.835,24734810.105,7989689.663,4768585.067826241,24734809.456466556,7989688.588416819,-0.23282624129205942,0.6485334448516369,1.0745831802487373,1.276531511165631
2021-09-15 02:30:00+00:00,4553944.307,24470371.945,8867842.152999999,4553944.572880855,24470371.32162167,8867841.057937747,-0.2658808548003435,0.6233783289790154,1.0950622521340847,1.2878099650332748
2021-09-15 02:35:00+00:00,4320484.95,24179860.915000003,9728749.119,4320485.254284051,24179860.324456602,9728748.004163388,-0.3042840510606766,0.5905434004962444,1.1148366127163172,1.2977638323872167
2021-09-15 02:40:00+00:00,4067431.969,23864524.193,10570728.594,4067432.316080426,23864523.640528824,10570727.460315974,-0.34708042582497,0.5524711757898331,1.1336840260773897,1.3080247295263507
2021-09-15 02:45:00+00:00,3794096.06,23525679.335,11392134.722000001,3794096.4545591837,23525678.827141915,11392133.571514366,-0.39455918362364173,0.5078580863773823,1.150485634803772,1.3180341350551166
2021-09-15 02:50:00+00:00,3499877.382,23164708.55,12191361.176,3499877.8273553513,23164708.09181348,12191360.010568505,-0.44535535108298063,0.4581865221261978,1.1654314957559109,1.329100014707774
2021-09-15 02:55:00+00:00,3184269.1289999997,22783052.687,12966844.493,3184269.6266413108,22783052.28327644,12966843.316881139,-0.4976413110271096,0.4037235602736473,1.1761188618838787,1.3393637164115804
2021-09-15 03:00:00+00:00,2846860.687,22382204.98,13717067.333,2846861.2388376966,22382204.632076606,13717066.14994488,-0.5518376966938376,0.347923394292593,1.1830551214516163,1.3509977617232893
2021-09-15 03:05:00+00:00,2487340.369,21963704.560999997,14440561.634,2487340.975206038,21963704.2690972,14440560.449116444,-0.6062060380354524,0.2919027954339981,1.1848835553973913,1.3625865265677575
2021-09-15 03:10:00+00:00,2105497.703,21529129.788,15135911.673,2105498.359700607,21529129.55146975,15135910.491577718,-0.6567006069235504,0.23653024807572365,1.1814222820103168,1.3722102075917477
2021-09-15 03:15:00+00:00,1701225.258,21080091.413,15801757.012,1701225.9625535682,21080091.22631173,15801755.840653783,-0.7045535682700574,0.18668827041983604,1.1713462173938751,1.379601464872142
2021-09-15 03:20:00+00:00,1274520.0259999998,20618225.607,16436795.332999999,1274520.7702248115,20618225.46355921,16436794.176950058,-0.7442248116713017,0.14344079047441483,1.1560499407351017,1.3823520883453468
2021-09-15 03:25:00+00:00,825484.309,20145186.901,17039785.141,825485.084563408,20145186.789831646,17039784.00509313,-0.7755634080385789,0.11116835474967957,1.1359068676829338,1.379906306614844
2021-09-15 03:30:00+00:00,354326.152,19662641.048,17609548.338,354326.94628244825,19662640.955771655,17609547.22921063,-0.7942824482452124,0.09222834557294846,1.1087893694639206,1.3670422601930527
2021-09-15 03:35:00+00:00,-138640.71899999998,19172257.859,18144972.669,-138639.919870222,19172257.76964307,18144971.59066342,-0.7991297779954039,0.0893569327890873,1.0783365815877914,1.3451404561260139
2021-09-15 03:40:00+00:00,-652997.424,18675704.036,18645014.007000003,-652996.6385615524,18675703.93014118,18645012.961946055,-0.7854384476086125,0.10585881769657135,1.0450539477169514,1.3115858332205055
2021-09-15 03:45:00+00:00,-1188220.944,18174636.036,19108698.5,-1188220.1939582843,18174635.891371932,19108697.491096985,-0.7500417155679315,0.14462806656956673,1.0089030154049397,1.2654505708343242
2021-09-15 03:50:00+00:00,-1743685.603,17670693.001,19535124.564000003,-1743684.9121728018,17670692.79278885,19535123.591406003,-0.690827198093757,0.20821115002036095,0.9725940003991127,1.2110050331155613
2021-09-15 03:55:00+00:00,-2318665.013,17165489.786,19923464.71,-2318664.409525485,17165489.48654147,19923463.77167094,-0.6034745150245726,0.2994585298001766,0.9383290596306324,1.1551269737572287
2021-09-15 04:00:00+00:00,-2912334.484,16660610.112999998,20272967.211,-2912333.8439793177,16660609.801228672,20272966.374679413,-0.6400206824764609,0.31177132576704025,0.836320586502552,1.0982986647429493
2021-09-15 04:05:00+00:00,-3523773.87,16157599.893000001,20582957.601999998,-3523773.1925544497,16157599.620906007,20582956.802725784,-0.6774455504491925,0.27209399454295635,0.7992742136120796,1.0825002929491336
2021-09-15 04:10:00+00:00,-4151970.859,15657960.729,20852840.005999997,-4151970.143515681,15657960.496699417,20852839.24288598,-0.715484319254756,0.23230058327317238,0.7631140165030956,1.0715523198948265
2021-09-15 04:15:00+00:00,-4795824.671,15163143.65,21082098.292,-4795823.918565961,15163143.454734996,21082097.56272458,-0.7524340394884348,0.19526500441133976,0.7292754203081131,1.0658930736214673
2021-09-15 04:20:00+00:00,-5454150.165,14674543.084,21270297.05,-5454149.376146584,14674542.922732336,21270296.352983557,-0.7888534162193537,0.16126766428351402,0.6970164440572262,1.0649548793778003
2021-09-15 04:25:00+00:00,-6125682.318999999,14193491.115999999,21417082.398,-6125681.496225558,14193490.9841282,21417081.729046356,-0.8227744409814477,0.13187179900705814,0.6689536422491074,1.0685723782617809
2021-09-15 04:30:00+00:00,-6809081.08,13721252.044000002,21522182.597,-6809080.226102294,13721251.933996841,21522181.95372227,-0.8538977056741714,0.1100031603127718,0.6432777307927608,1.074731699527047
2021-09-15 04:35:00+00:00,-7502936.546,13259017.256,21585408.503,-7502935.664810323,13259017.160958119,21585407.880674947,-0.8811896769329906,0.09504188038408756,0.6223250515758991,1.0829666087092238
2021-09-15 04:40:00+00:00,-8205774.466000001,12807900.467,21606653.824,-8205773.562162471,12807900.377630195,21606653.218334015,-0.9038375299423933,0.08936980552971363,0.6056659854948521,1.0916686899688184
2021-09-15 04:45:00+00:00,-8916062.03,12368933.311999999,21585895.208,-8916061.107067946,12368933.220447242,21585894.61463735,-0.9229320529848337,0.09155275672674179,0.5933626517653465,1.1010289361325023
2021-09-15 04:50:00+00:00,-9632213.915000001,11943061.342,21523192.148,-9632212.978472928,11943061.237830972,21523191.5634509,-0.9365270733833313,0.10416902787983418,0.5845490992069244,1.1088876385518076
2021-09-15 04:55:00+00:00,-10352598.576,11531140.41,21418686.713,-10352597.631138917,11531140.283789456,21418686.134001862,-0.9448610823601484,0.1262105442583561,0.5789981372654438,1.1153162822256453
2021-09-15 05:00:00+00:00,-11075544.737,11133933.488999998,21272603.102,-11075543.787477218,11133933.332031468,21272602.525135666,-0.9495227821171284,0.15696853026747704,0.5768643356859684,1.1220539626239896
2021-09-15 05:05:00+00:00,-11799348.055,10752107.918,21085247.022,-11799347.105815027,10752107.723635623,21085246.446668245,-0.9491849727928638,0.19436437636613846,0.5753317549824715,1.126825741482328
2021-09-15 05:10:00+00:00,-12522277.939,10386233.097000001,20857004.906,-12522276.994772967,10386232.859218245,20857004.330548476,-0.9442270323634148,0.23778175562620163,0.575451523065567,1.1310390388280063
2021-09-15 05:15:00+00:00,-13242584.478999998,10036778.629,20588342.949,-13242583.542893771,10036778.34441006,20588342.37497115,-0.9361062273383141,0.28458994068205357,0.5740288496017456,1.1343700557463994
2021-09-15 05:20:00+00:00,-13958505.456999999,9704112.927,20279805.994999997,-13958504.53227629,9704112.595291179,20279805.42498697,-0.9247237090021372,0.3317088205367327,0.570013027638197,1.1358078760467387
2021-09-15 05:25:00+00:00,-14668273.416,9388502.284,19932016.253999997,-14668272.50473617,9388501.908261113,19932015.69354063,-0.9112638290971518,0.375738887116313,0.5604593679308891,1.1338854354006405
2021-09-15 05:30:00+00:00,-15370122.745000001,9090110.409,19545671.869999997,-15370121.848936096,9090109.996644318,19545671.327231433,-0.8960639052093029,0.41235568188130856,0.5427685640752316,1.1258620895771534
2021-09-15 05:35:00+00:00,-16062296.757,8808998.431,19121545.334999997,-16062295.87700336,8808997.994162664,19121544.82143064,-0.8799966387450695,0.43683733604848385,0.5135693587362766,1.1085911909271817
2021-09-15 05:40:00+00:00,-16743054.725000001,8545125.367,18660481.759999998,-16743053.859374493,8545124.923259173,18660481.289706256,-0.8656255081295967,0.44374082796275616,0.4702937416732311,1.0804580723853667
2021-09-15 05:45:00+00:00,-17410678.839,8298349.050999999,18163397.003,-17410677.98697586,8298348.6241398705,18163396.59279819,-0.8520241416990757,0.42686012852936983,0.4102018103003502,1.0375067385515342
2021-09-15 05:50:00+00:00,-18063481.071999997,8068427.518999999,17631275.661,-18063480.23036212,8068427.138320658,17631275.332653705,-0.8416378758847713,0.3806793410331011,0.32834629341959953,0.9803480826806444
2021-09-15 05:55:00+00:00,-18699809.902000003,7855020.836,17065168.94,-18699809.066081695,7855020.538442304,17065168.71727579,-0.8359183073043823,0.29755769576877356,0.22272421047091484,0.9148257062018634
2021-09-15 06:00:00+00:00,-19318056.878,7657693.364,16466192.39,-19318055.38033905,7657693.493821047,16466192.626420002,-1.4976609498262405,-0.1298210471868515,-0.23642000183463097,1.5217543304339942
2021-09-15 06:05:00+00:00,-19916662.993,7475916.4520000005,15835523.536999999,-19916661.497075,7475916.547806591,15835523.775777992,-1.4959250018000603,-0.0958065902814269,-0.23877799324691296,1.5178884820074519
2021-09-15 06:10:00+00:00,-20494124.845,7309071.535,15174399.39,-20494123.37195163,7309071.583448234,15174399.616291778,-1.4730483703315258,-0.04844823386520147,-0.22629177756607533,1.4911159248344963
2021-09-15 06:15:00+00:00,-21049000.553000003,7156453.629,14484113.857,-21048999.120893665,7156453.618414116,14484114.054974245,-1.432106338441372,0.010585883632302284,-0.19797424413263798,1.4457643054371343
2021-09-15 06:20:00+00:00,-21579915.400000002,7017275.203,13766015.051,-21579914.02673648,7017275.122767042,13766015.207307827,-1.3732635229825974,0.08023295737802982,-0.15630782581865788,1.3844573548565355
2021-09-15 06:25:00+00:00,-22085567.196,6890670.404,13021502.516,-22085565.896930162,6890670.248458556,13021502.618262386,-1.2990698367357254,0.1555414441972971,-0.10226238518953323,1.312338819438112
2021-09-15 06:30:00+00:00,-22564731.321,6775699.633,12252024.36,-22564730.108838,6775699.3966905065,12252024.399063613,-1.2121619991958141,0.23630949389189482,-0.03906361386179924,1.235598986372917
2021-09-15 06:35:00+00:00,-23016265.437999997,6671354.421,11459074.319,-23016264.32228971,6671354.101487542,11459074.28651173,-1.115710288286209,0.31951245851814747,0.0324882697314024,1.1610138441061533
2021-09-15 06:40:00+00:00,-23439113.854,6576562.608,10644188.739,-23439112.840637617,6576562.206595699,10644188.631676892,-1.013362381607294,0.4014043007045984,0.10732310824096203,1.0952383204779936
2021-09-15 06:45:00+00:00,-23832311.509999998,6490193.790999999,9808943.507,-23832310.60321582,6490193.311708536,9808943.324803988,-0.906784176826477,0.4792914632707834,0.18219601176679134,1.0417164858112042
2021-09-15 06:50:00+00:00,-24194987.593999997,6411065.013,8954950.916,-24194986.793809842,6411064.463029137,8954950.663245855,-0.8001901544630527,0.5499708633869886,0.2527541443705559,1.0033229247708464
2021-09-15 06:55:00+00:00,-24526368.748,6337946.673,8083856.486,-24526368.051499836,6337946.062299574,8083856.169211603,-0.6965001635253429,0.6107004266232252,0.31678839679807425,0.9789904888274006
2021-09-15 07:00:00+00:00,-24825781.871,6269568.628,7197335.731,-24825781.272033375,6269567.967680366,7197335.364066681,-0.5989666245877743,0.6603196337819099,0.36693331878632307,0.9640659192002862
2021-09-15 07:05:00+00:00,-25092656.501000002,6204626.4520000005,6297090.907,-25092655.98970688,6204625.759232716,6297090.505855168,-0.5112931206822395,0.6927672848105431,0.40114483144134283,0.9498759613511959
2021-09-15 07:10:00+00:00,-25326526.768,6141787.85,5384847.711,-25326526.331579838,6141787.141251852,5384847.296632817,-0.43642016127705574,0.7087481478229165,0.41436718311160803,0.9297777458357211
2021-09-15 07:15:00+00:00,-25527032.915,6079699.1559999995,4462351.966999999,-25527032.537702885,6079698.453318486,4462351.566103463,-0.3772971145808697,0.7026815135031939,0.40089653618633747,0.892654723180465
2021-09-15 07:20:00+00:00,-25693922.379,6016991.937,3531366.295,-25693922.04290365,6016991.2616773285,3531365.9379435005,-0.3360963501036167,0.6753226714208722,0.35705649945884943,0.834572232280588
2021-09-15 07:25:00+00:00,-25827050.432,5952289.625,2593666.764,-25827050.117533505,5952289.00241326,2593666.4850780065,-0.3144664950668812,0.62258674018085,0.27892199344933033,0.7511996432363466
2021-09-15 07:30:00+00:00,-25926380.382,5884214.191,1651039.542,-25926380.06642659,5884213.647880529,1651039.380042256,-0.31557340919971466,0.5431194705888629,0.16195774381048977,0.6486876341559483
2021-09-15 07:35:00+00:00,-25991983.327999998,5811392.802999999,705277.551,-25991982.98715369,5811392.367937027,705277.5464226544,-0.34084630757570267,0.43506297282874584,0.004577345564030111,0.5526996904350401
2021-09-15 07:40:00+00:00,-26024037.481,5732464.457,-241822.88199999998,-26024037.09045807,5732464.15775329,-241822.682776399,-0.3905419297516346,0.29924671072512865,-0.1992236009973567,0.5308122417279895
2021-09-15 07:45:00+00:00,-26022827.055,5646086.5370000005,-1188465.343,-26022826.587534238,5646086.404290405,-1188464.8941469882,-0.46746576204895973,0.132709595374763,-0.44885301194153726,0.6615172724287234
2021-09-15 07:50:00+00:00,-25988740.720999997,5550941.299,-2132856.654,-25988740.150545575,5550941.3639758285,-2132855.9047406646,-0.5704544223845005,-0.06497582886368036,-0.7492593354545534,0.9439436731714215
2021-09-15 07:55:00+00:00,-25922269.655,5445742.232,-3073210.15,-25922268.954467207,5445742.524644932,-3073209.0494097667,-0.7005327939987183,-0.2926449319347739,-1.1005902332253754,1.337043796263176
2021-09-15 08:00:00+00:00,-25824005.167,5329240.274,-4007748.944,-25824004.606395174,5329240.215969467,-4007748.397572235,-0.5606048256158829,0.058030533604323864,-0.546427764929831,0.7850023029395695
2021-09-15 08:05:00+00:00,-25694635.939,5200229.87,-4934709.149,-25694635.43620853,5200229.8467144715,-4934708.577857994,-0.5027914680540562,0.023285528644919395,-0.5711420066654682,0.761278311769148
2021-09-15 08:10:00+00:00,-25534944.872,5057554.825999999,-5852343.065,-25534944.42537328,5057554.837301008,-5852342.472649867,-0.4466267228126526,-0.011301008984446526,-0.5923501336947083,0.7419446227465871
2021-09-15 08:15:00+00:00,-25345805.571000002,4900113.959,-6758922.322000001,-25345805.175350722,4900114.002344386,-6758921.712119742,-0.3956492803990841,-0.04334438592195511,-0.6098802583292127,0.7282657608119247
2021-09-15 08:20:00+00:00,-25128178.464,4726866.495,-7652740.975,-25128178.11394534,4726866.569348732,-7652740.351314352,-0.35005466267466545,-0.07434873189777136,-0.6236856477335095,0.7190617414268734
2021-09-15 08:25:00+00:00,-24883106.593000002,4536837.221,-8532118.547,-24883106.28271955,4536837.32296658,-8532117.913057003,-0.3102804534137249,-0.10196658037602901,-0.6339429970830679,0.713130329487444
2021-09-15 08:30:00+00:00,-24611711.084,4329121.341,-9395403.015,-24611710.80485106,4329121.467956015,-9395402.374466397,-0.2791489399969578,-0.12695601489394903,-0.6405336037278175,0.7101586146233266
2021-09-15 08:35:00+00:00,-24315186.309,4102889.0439999998,-10240973.738,-24315186.05284331,4102889.1914478773,-10240973.093059683,-0.25615669041872025,-0.14744787756353617,-0.6449403166770935,0.7094400177039728
2021-09-15 08:40:00+00:00,-23994794.779,3857389.7419999996,-11067244.315,-23994794.536581267,3857389.9064049125,-11067243.66856339,-0.24241873249411583,-0.16440491285175085,-0.6464366093277931,0.7097014211011975
2021-09-15 08:45:00+00:00,-23651861.77,3591955.981,-11872665.383,-23651861.53322106,3591956.159487454,-11872664.736709548,-0.23677894100546837,-0.17848745407536626,-0.6462904512882233,0.7110649658029232
2021-09-15 08:50:00+00:00,-23287769.721,3306007.0,-12655727.334999999,-23287769.48131144,3306007.1879219757,-12655726.69144151,-0.23968856036663055,-0.18792197573930025,-0.6435584891587496,0.7119921375301012
2021-09-15 08:55:00+00:00,-22903952.412,2999051.9159999997,-13414962.973,-22903952.16236774,2999052.1113925762,-13414962.33209741,-0.24963226169347763,-0.1953925765119493,-0.6409025900065899,0.715017940272364
2021-09-15 09:00:00+00:00,-22501888.958,2670692.545,-14148950.07,-22501888.693849776,2670692.7464483744,-14148949.432275768,-0.2641502246260643,-0.20144837442785501,-0.637724231928587,0.7190611828756519
2021-09-15 09:05:00+00:00,-22083097.64,2320625.826,-14856313.862000002,-22083097.35813684,2320626.0324182436,-14856313.227219345,-0.28186316043138504,-0.20641824370250106,-0.6347806565463543,0.7245700894095853
2021-09-15 09:10:00+00:00,-21649129.593000002,1948645.846,-15535729.449000001,-21649129.292641822,1948646.0593612865,-15535728.816678317,-0.3003581799566746,-0.21336128655821085,-0.6323216836899519,0.7318256530985755
2021-09-15 09:15:00+00:00,-21201562.383,1554645.4679999999,-16185924.11,-21201562.06666239,1554645.6901402492,-16185923.480333198,-0.31633761152625084,-0.22214024933055043,-0.6296668015420437,0.7388477893334727
2021-09-15 09:20:00+00:00,-20741993.496999998,1138617.533,-16805679.531000003,-20741993.17093143,1138617.7702815328,-16805678.902971115,-0.32606856897473335,-0.23728153272531927,-0.6280288882553577,0.7463534832296074
2021-09-15 09:25:00+00:00,-20272033.774,700655.661,-17393833.933000002,-20272033.44609799,700655.9208847173,-17393833.306715928,-0.32790201157331467,-0.25988471729215235,-0.6262840740382671,0.7531875841182047
2021-09-15 09:30:00+00:00,-19793300.792999998,240954.619,-17949284.111,-19793300.476547457,240954.91144475713,-17949283.48771456,-0.3164525404572487,-0.2924447571276687,-0.6232854425907135,0.7577274505247975
2021-09-15 09:35:00+00:00,-19307412.264,-240189.728,-18470987.375,-19307411.976053044,-240189.388935579,-18470986.754776884,-0.287946954369545,-0.3390644210157916,-0.6202231161296368,0.763252804718743
2021-09-15 09:40:00+00:00,-18815979.43,-742380.885,-18957963.382000003,-18815979.191740982,-742380.4818556327,-18957962.76755846,-0.23825901746749878,-0.4031443672720343,-0.6144415438175201,0.7725484781142243
2021-09-15 09:45:00+00:00,-18320600.516999997,-1265122.617,-19409295.876,-18320600.352750815,-1265122.129754588,-19409295.271959756,-0.16424918174743652,-0.48724541207775474,-0.6040402427315712,0.7932531122754822
2021-09-15 09:50:00+00:00,-17822854.25,-1807820.257,-19824134.319000002,-17822854.189778864,-1807819.6625803858,-19824133.73049815,-0.06022113561630249,-0.5944196141790599,-0.5885018520057201,0.8386272668533155
2021-09-15 09:55:00+00:00,-17324293.476,-2369782.4260000004,-20201695.41,-17324293.55140869,-2369781.6961101796,-20201694.8454861,0.0754086896777153,-0.7298898207955062,-0.5645138993859291,0.9257977984310143
2021-09-15 10:00:00+00:00,-16826438.895,-2950223.151,-20541264.503,-16826438.975683324,-2950222.3573685046,-20541263.838418595,0.08068332448601723,-0.7936314954422414,-0.6645814031362534,1.03828184555185
2021-09-15 10:05:00+00:00,-16330772.952,-3548264.392,-20842196.908999998,-16330773.022869635,-3548263.5866359985,-20842196.26584508,0.07086963579058647,-0.8053640015423298,-0.6431549191474915,1.0330933792649049
2021-09-15 10:10:00+00:00,-15838733.893000001,-4162938.9440000006,-21103919.081,-15838733.952542875,-4162938.132513644,-21103918.464175146,0.05954287387430668,-0.8114863564260304,-0.6168248541653156,1.0210427812833647
2021-09-15 10:15:00+00:00,-15351710.018,-4793193.728,-21325929.695,-15351710.066350432,-4793192.913903917,-21325929.108022667,0.04835043288767338,-0.8140960829332471,-0.5869773328304291,1.0048047501203436
2021-09-15 10:20:00+00:00,-14871034.155,-5437893.436000001,-21507800.603,-14871034.193389721,-5437892.622118723,-21507800.04899154,0.038389721885323524,-0.8138812780380249,-0.554008461534977,0.9852927894486965
2021-09-15 10:25:00+00:00,-14397978.374,-6095824.534,-21649177.671,-14397978.404201804,-6095823.720478203,-21649177.15430856,0.030201803892850876,-0.8135217968374491,-0.5166914388537407,0.9642094719887182
2021-09-15 10:30:00+00:00,-13933748.962,-6765699.592,-21749781.502,-13933748.9875423,-6765698.778989672,-21749781.025098603,0.025542300194501877,-0.8130103284493089,-0.4769013971090317,0.9429067535175604
2021-09-15 10:35:00+00:00,-13479481.685,-7446161.942,-21809408.026,-13479481.710443674,-7446161.127528067,-21809407.592703175,0.025443673133850098,-0.8144719330593944,-0.4332968257367611,0.9229073894154288
2021-09-15 10:40:00+00:00,-13036237.351,-8135790.629,-21827928.979,-13036237.381044278,-8135789.809665196,-21827928.591520548,0.030044278129935265,-0.8193348040804267,-0.3874794505536556,0.906836536773427
2021-09-15 10:45:00+00:00,-12604997.693,-8833105.645,-21805292.246,-12604997.732548047,-8833104.818075161,-21805291.906926848,0.03954804688692093,-0.8269248381257057,-0.33907315135002136,0.8946168665346239
2021-09-15 10:50:00+00:00,-12186661.592,-9536573.431,-21741522.084,-12186661.645493168,-9536572.591288805,-21741521.796923842,0.05349316820502281,-0.839711194857955,-0.2870761565864086,0.8890383172253091
2021-09-15 10:55:00+00:00,-11782041.650999999,-10244612.608,-21636719.22,-11782041.724256832,-10244611.75047316,-21636718.986252442,0.0732568334788084,-0.8575268387794495,-0.23374755680561066,0.8918277654295195
2021-09-15 11:00:00+00:00,-11391861.145000001,-10955599.936,-21491060.811,-11391861.242402934,-10955599.053889718,-21491060.631810393,0.09740293212234974,-0.8821102827787399,-0.17918960750102997,0.9053810234406245
2021-09-15 11:05:00+00:00,-11016751.345,-11667876.457,-21304800.281,-11016751.470099943,-11667875.545730108,-21304800.1583212,0.12509994208812714,-0.9112698920071125,-0.12267879769206047,0.9279616904766471
2021-09-15 11:10:00+00:00,-10657249.239999998,-12379753.822,-21078267.027999997,-10657249.395395163,-12379752.875153188,-21078266.963318184,0.15539516508579254,-0.9468468129634857,-0.06468181312084198,0.9616913649917787
2021-09-15 11:15:00+00:00,-10313795.662,-13089520.748000002,-20811865.998,-10313795.849635538,-13089519.760551244,-20811865.99063461,0.18763553723692894,-0.9874487575143576,-0.007365390658378601,1.005144960953588
2021-09-15 11:20:00+00:00,-9986733.826,-13795449.605,-20506077.121999998,-9986734.045779414,-13795448.573360924,-20506077.171728205,0.21977941505610943,-1.031639076769352,0.04972820729017258,1.0559616804601484
2021-09-15 11:25:00+00:00,-9676308.286,-14495803.094999999,-20161454.629,-9676308.53674804,-14495802.015112305,-20161454.734317373,0.2507480401545763,-1.079887693747878,0.105317372828722,1.1136084409562528
2021-09-15 11:30:00+00:00,-9382664.321,-15188840.989,-19778626.219,-9382664.599329751,-15188839.860876858,-19778626.377967156,0.27832975052297115,-1.1281231418251991,0.15896715596318245,1.172774415573072
2021-09-15 11:35:00+00:00,-9105847.747,-15872826.918000001,-19358292.106000002,-9105848.047473833,-15872825.741840288,-19358292.316436183,0.3004738334566355,-1.1761597134172916,0.21043618023395538,1.2320387907892467
2021-09-15 11:40:00+00:00,-8845805.162,-16546035.16,-18901223.93,-8845805.47710528,-16546033.9393875,-18901224.186782513,0.3151052799075842,-1.2206124998629093,0.25678251311182976,1.28651602061041
2021-09-15 11:45:00+00:00,-8602384.622,-17206757.422,-18408263.528,-8602384.94285563,-17206756.1628531,-18408263.825425472,0.3208556305617094,-1.259146898984909,0.2974254712462425,1.3329895572856205
2021-09-15 11:50:00+00:00,-8375336.751000001,-17853309.571999997,-17880321.579,-8375337.065348692,-17853308.282960296,-17880321.911574412,0.3143486911430955,-1.2890397012233734,0.33257441222667694,1.367861173738527
2021-09-15 11:55:00+00:00,-8164316.2700000005,-18484038.298,-17318376.118,-8164316.565910036,-18484036.99294826,-17318376.478662066,0.2959100352600217,-1.3050517402589321,0.3606620654463768,1.3859292619655958
2021-09-15 12:00:00+00:00,-7968883.962,-19097327.673,-16723470.916,-7968884.057366814,-19097326.71381002,-16723471.129234323,0.09536681417375803,-0.9591899812221527,0.2132343240082264,0.9872229364524768
2021-09-15 12:05:00+00:00,-7788509.038,-19691605.586999997,-16096713.725,-7788509.163236121,-19691604.62969259,-16096714.014338301,0.12523612100630999,-0.957307405769825,0.28933830186724663,1.007887993813738
2021-09-15 12:10:00+00:00,-7622571.921,-20265350.020999998,-15439274.407000002,-7622572.0818942115,-20265349.058587864,-15439274.776688004,0.1608942113816738,-0.9624121338129044,0.36968800239264965,1.0434525775901395
2021-09-15 12:15:00+00:00,-7470367.421,-20817095.147,-14752382.922999999,-7470367.623187027,-20817094.17238916,-14752383.377481744,0.2021870268508792,-0.9746108390390873,0.4544817451387644,1.0942118341818683
2021-09-15 12:20:00+00:00,-7331108.301999999,-21345437.212,-14037327.207,-7331108.547768147,-21345436.218915,-14037327.749131601,0.24576814752072096,-0.9930850006639957,0.5421316009014845,1.1578110698968038
2021-09-15 12:25:00+00:00,-7203929.21,-21849040.191,-13295450.911,-7203929.501044553,-21849039.1740691,-13295451.542539097,0.29104455281049013,-1.0169309005141258,0.6315390970557928,1.2319484645273011
2021-09-15 12:30:00+00:00,-7087890.967,-22326641.18,-12528151.033,-7087891.30312692,-22326640.13455781,-12528151.75432336,0.3361269198358059,-1.0454421900212765,0.7213233597576618,1.3138637936433404
2021-09-15 12:35:00+00:00,-6981985.198,-22777055.503,-11736875.426,-6981985.577743432,-22777054.427091435,-11736876.236922309,0.3797434316948056,-1.0759085640311241,0.8109223078936338,1.39977830441481
2021-09-15 12:40:00+00:00,-6885139.2809999995,-23199181.518000003,-10923120.197,-6885139.701488044,-23199180.411007587,-10923121.094820583,0.42048804461956024,-1.1069924160838127,0.897820582613349,1.486043136486701
2021-09-15 12:45:00+00:00,-6796221.597,-23592005.091,-10088426.989,-6796222.053239211,-23592003.95238291,-10088427.970498662,0.45623921137303114,-1.1386170871555805,0.9814986623823643,1.570968718153011
2021-09-15 12:50:00+00:00,-6714047.056000001,-23954603.716000002,-9234380.164,-6714047.542119718,-23954602.54893746,-9234381.224043684,0.48611971735954285,-1.1670625433325768,1.0600436832755804,1.6498605911131048
2021-09-15 12:55:00+00:00,-6637382.882,-24286150.278,-8362603.879000001,-6637383.390982225,-24286149.086381808,-8362605.010712547,0.5089822243899107,-1.1916181929409504,1.1317125465720892,1.720404054448094
2021-09-15 13:00:00+00:00,-6564954.6280000005,-24585916.42,-7474759.065,-6564955.151095498,-24585915.208309118,-7474760.261090171,0.5230954978615046,-1.2116908840835094,1.1960901701822877,1.7811387912402408
2021-09-15 13:05:00+00:00,-6495452.392999999,-24853275.507,-6572540.318,-6495452.922497978,-24853274.283283573,-6572541.568838339,0.529497979208827,-1.223716426640749,1.2508383393287659,1.8282359131007628
2021-09-15 13:10:00+00:00,-6427537.228,-25087705.181,-5657672.6959999995,-6427537.753369491,-25087703.954423383,-5657673.991381449,0.5253694904968143,-1.2265766188502312,1.29538144916296,1.859708687480509
2021-09-15 13:15:00+00:00,-6359847.678,-25288789.476999998,-4731908.442,-6359848.190766247,-25288788.258510772,-4731909.769222375,0.5127662466838956,-1.2184892259538174,1.3272223751991987,1.873276394644748
2021-09-15 13:20:00+00:00,-6291006.462,-25456220.503,-3797023.623,-6291006.954176849,-25456219.303477444,-3797024.969923026,0.4921768484637141,-1.1995225548744202,1.346923025790602,1.8695705515494838
2021-09-15 13:25:00+00:00,-6219627.239,-25589799.661000002,-2854814.712,-6219627.702582674,-25589798.495007284,-2854816.063116793,0.4635826740413904,-1.1659927181899548,1.351116793230176,1.8438992660912796
2021-09-15 13:30:00+00:00,-6144321.437,-25689438.425,-1907095.094,-6144321.865070494,-25689437.30495541,-1907096.4332427774,0.4280704939737916,-1.1200445890426636,1.3392427773214877,1.7975860051364683
2021-09-15 13:35:00+00:00,-6063705.117000001,-25755158.634,-955691.526,-6063705.504531769,-25755157.576302063,-955692.8370011854,0.3875317685306072,-1.0576979368925095,1.3110011854441836,1.7284761802128445
2021-09-15 13:40:00+00:00,-5976405.8379999995,-25787092.343,-2440.5480000000002,-5976406.183619397,-25787091.3614248,-2441.812824066007,0.3456193972378969,-0.9815751984715462,1.264824066006895,1.6379018761671154
2021-09-15 13:45:00+00:00,-5881069.499,-25785481.182,950815.149,-5881069.80190414,-25785480.292580213,950813.9500670022,0.3029041402041912,-0.889419786632061,1.1989329977659509,1.5232395767368674
2021-09-15 13:50:00+00:00,-5776367.109,-25750675.269,1902230.389,-5776367.373094652,-25750674.48562163,1902229.2751868633,0.2640946516767144,-0.7833783701062202,1.113813136704266,1.3870859235424169
2021-09-15 13:55:00+00:00,-5661001.478999999,-25683131.644,2849961.194,-5661001.711260003,-25683130.980132733,2849960.1868306925,0.23226000368595123,-0.6638672687113285,1.0071693076752126,1.2284357834666835
2021-09-15 14:00:00+00:00,-5533713.784,-25583412.253,3792168.4930000002,-5533714.378228223,-25583411.517808687,3792166.973875298,0.5942282229661942,-0.7351913116872311,1.5191247020848095,1.7892326026076693
2021-09-15 14:05:00+00:00,-5393289.975,-25452181.48,4727021.832,-5393290.571981441,-25452180.765951592,4727020.309341871,0.5969814416021109,-0.714048407971859,1.522658129222691,1.7845839148194815
2021-09-15 14:10:00+00:00,-5238567.009000001,-25290203.237,5652703.084,-5238567.606340431,-25290202.544740625,5652701.567994091,0.5973404301330447,-0.6922593750059605,1.5160059090703726,1.7703989799170865
2021-09-15 14:15:00+00:00,-5068438.87,-25098337.621999998,6567410.153,-5068439.464096988,-25098336.953690916,6567408.65290907,0.5940969875082374,-0.6683090813457966,1.5000909296795726,1.7463851396763972
2021-09-15 14:20:00+00:00,-4881862.342,-24877537.169,7469360.6559999995,-4881862.931451751,-24877536.525591128,7469359.179992214,0.5894517507404089,-0.6434088721871376,1.4760077856481075,1.7146507885146431
2021-09-15 14:25:00+00:00,-4677862.526,-24628842.689,8356795.579,-4677863.109271747,-24628842.072024725,8356794.133761541,0.5832717474550009,-0.6169752739369869,1.4452384589239955,1.6761797705442683
2021-09-15 14:30:00+00:00,-4455538.055,-24353378.735,9227982.896,-4455538.630751359,-24353378.147021458,9227981.486801736,0.5757513595744967,-0.5879785418510437,1.4091982636600733,1.6318848427605812
2021-09-15 14:35:00+00:00,-4214065.992,-24052348.706,10081221.142,-4214066.560452832,-24052348.148530122,10081219.773930363,0.5684528322890401,-0.5574698783457279,1.3680696375668049,1.5828852835984044
2021-09-15 14:40:00+00:00,-3952706.3899999997,-23727029.604,10914842.936999999,-3952706.9511086997,-23727029.07920177,10914841.612152329,0.5611086999997497,-0.5247982293367386,1.3248476702719927,1.5314951858087937
2021-09-15 14:45:00+00:00,-3670806.481,-23378766.479999997,11727218.436999999,-3670807.036100828,-23378765.98967223,11727217.157547468,0.5551008279435337,-0.49032776802778244,1.2794525306671858,1.4783629552695676
2021-09-15 14:50:00+00:00,-3367804.4869999997,-23008966.582000002,12516758.726,-3367805.0371896373,-23008966.12912501,12516757.490339763,0.5501896375790238,-0.4528749920427799,1.2356602363288403,1.4264153025543895
2021-09-15 14:55:00+00:00,-3043233.02,-22619093.244,13281919.112,-3043233.568836094,-22619092.829389807,13281917.919535827,0.5488360938616097,-0.41461019217967987,1.1924641728401184,1.376623940258126
2021-09-15 15:00:00+00:00,-2696722.071,-22210659.524,14021202.352,-2696722.6223301506,-22210659.1501798,14021201.198693696,0.5513301505707204,-0.3738202005624771,1.1533063035458326,1.3318490556648888
2021-09-15 15:05:00+00:00,-2328001.557,-21785221.647,14733161.763,-2328002.1149088256,-21785221.314282298,14733160.644591233,0.5579088255763054,-0.332717701792717,1.1184087675064802,1.2933682762374852
2021-09-15 15:10:00+00:00,-1936903.421,-21344372.252,15416404.239,-1936903.991097901,-21344371.962586462,15416403.150804328,0.5700979009270668,-0.28941353783011436,1.0881956722587347,1.262117915903039
2021-09-15 15:15:00+00:00,-1523363.277,-20889733.506,16069593.154000001,-1523363.8656321224,-20889733.259750888,16069592.088479118,0.588632122380659,-0.24624911323189735,1.0655208826065063,1.2419585953389924
2021-09-15 15:20:00+00:00,-1087421.585,-20422950.085,16691451.136,-1087422.1994949114,-20422949.882076584,16691450.08688695,0.6144949113950133,-0.20292341709136963,1.0491130501031876,1.2326475981525362
2021-09-15 15:25:00+00:00,-629224.3539999999,-19945682.081,17280762.727,-629225.0028507505,-19945681.919753794,17280761.68668549,0.6488507505273446,-0.16124620661139488,1.0403145104646683,1.23663329903808
2021-09-15 15:30:00+00:00,-149023.369,-19459597.848,17836376.897,-149024.06090918928,-19459597.72608885,17836375.859171517,0.6919091892777942,-0.12191114947199821,1.0378284826874733,1.2532711654107507
2021-09-15 15:35:00+00:00,352824.063,-18966366.833,18357209.428,352823.3189448826,-18966366.746588122,18357208.385199673,0.7440551174222492,-0.08641187846660614,1.0428003259003162,1.2839460853946205
2021-09-15 15:40:00+00:00,875855.8450000001,-18467652.416,18842245.142,875855.0381224006,-18467652.360877857,18842244.087854005,0.8068775994470343,-0.055122144520282745,1.0541459955275059,1.3286510795512116
2021-09-15 15:45:00+00:00,1419506.2929999998,-17965104.802,19290539.983999997,1419505.4129682435,-17965104.770370908,19290538.91339365,0.8800317563582212,-0.03162909299135208,1.0706063471734524,1.3862374408197442
2021-09-15 15:50:00+00:00,1983107.814,-17460353.98,19701222.946999997,1983106.850848591,-17460353.9643547,19701221.855448443,0.9631514090579003,-0.01564529910683632,1.0915515534579754,1.455812558680162
2021-09-15 15:55:00+00:00,2565893.046,-16955002.806,20073497.832000002,2565891.988716183,-16955002.796769936,20073496.71791148,1.057283816859126,-0.00923006609082222,1.1140885204076767,1.5359451470727752
2021-09-15 16:00:00+00:00,3166997.445,-16450620.221,20406644.849,3166996.6620850367,-16450620.091010004,20406643.904818393,0.7829149630852044,-0.12998999655246735,0.9441816061735153,1.2334229380317265
2021-09-15 16:05:00+00:00,3785462.3230000003,-15948734.640999999,20700022.044,3785461.5120575028,-15948734.54579411,20700021.1485019,0.8109424975700676,-0.0952058881521225,0.8954981006681919,1.2118616850962625
2021-09-15 16:10:00+00:00,4420238.301,-15450827.553,20953066.555,4420237.460009988,-15450827.49183435,20953065.70702259,0.8409900115802884,-0.06116564944386482,0.8479774110019207,1.19585581313937
2021-09-15 16:15:00+00:00,5070189.186,-14958327.347000001,21165295.695,5070188.311767332,-14958327.31702881,21165294.892590202,0.8742326674982905,-0.02997119165956974,0.8024097979068756,1.1870309654881057
2021-09-15 16:20:00+00:00,5734096.227,-14472603.401,21336307.857,5734095.319215637,-14472603.3988544,21336307.09763249,0.9077843632549047,-0.002145601436495781,0.759367510676384,1.1835185127603562
2021-09-15 16:25:00+00:00,6410662.76,-13994960.46,21465783.241,6410661.8171438165,-13994960.480069678,21465782.5222532,0.9428561832755804,0.020069677382707596,0.7187467999756336,1.1857392364118067
2021-09-15 16:30:00+00:00,7098519.19,-13526633.32,21553484.404999997,7098518.212039557,-13526633.356409922,21553483.722646575,0.9779604431241751,0.03640992194414139,0.6823534220457077,1.1930375112749385
2021-09-15 16:35:00+00:00,7796228.311,-13068781.853,21599256.631,7796227.299769257,-13068781.899805399,21599255.980005305,1.011230742558837,0.04680539853870869,0.6509946957230568,1.2035665556536619
2021-09-15 16:40:00+00:00,8502290.93,-12622486.389,21603028.113,8502289.887584195,-12622486.438976452,21603027.489972286,1.0424158051609993,0.04997645132243633,0.623027715831995,1.215438970590902
2021-09-15 16:45:00+00:00,9215151.766,-12188743.472000001,21564809.973,9215150.694535712,-12188743.517481716,21564809.373191524,1.0714642889797688,0.045481715351343155,0.5998084768652916,1.2287695137452277
2021-09-15 16:50:00+00:00,9933205.6,-11768462.013,21484696.088,9933204.503162423,-11768462.047427816,21484695.508009102,1.0968375764787197,0.034427816048264503,0.5799908973276615,1.2412201193489052
2021-09-15 16:55:00+00:00,10654803.652,-11362459.858000001,21362862.752,10654802.53423179,-11362459.87510378,21362862.186858606,1.1177682112902403,0.017103778198361397,0.5651413947343826,1.2526304760151596
2021-09-15 17:00:00+00:00,11378260.149,-10971460.78,21199568.152,11378259.015385844,-10971460.772790112,21199567.598335028,1.133614156395197,-0.007209887728095055,0.5536649711430073,1.261617191675602
2021-09-15 17:05:00+00:00,12101859.058,-10596091.905,20995151.683,12101857.913758565,-10596091.86892239,20995151.137415092,1.1442414354532957,-0.03607760928571224,0.5455849058926105,1.2681691314796462
2021-09-15 17:10:00+00:00,12823860.951000001,-10236881.595999999,20750033.085,12823859.80200037,-10236881.52667677,20750032.546718482,1.1489996314048767,-0.0693232286721468,0.5382815189659595,1.2707292617479045
2021-09-15 17:15:00+00:00,13542509.975000001,-9894257.783,20464711.422000002,13542508.826669406,-9894257.678897843,20464710.892122354,1.148330595344305,-0.10410215705633163,0.5298776477575302,1.2689644348446651
2021-09-15 17:20:00+00:00,14256040.888,-9568546.764,20139763.897,14256039.747625625,-9568546.625123037,20139763.37643879,1.1403743755072355,-0.13887696340680122,0.5205612108111382,1.2612392720969998
2021-09-15 17:25:00+00:00,14962686.145,-9259972.466,19775844.503,14962685.01689688,-9259972.294279985,19775843.99524137,1.12810312025249,-0.17172001488506794,0.5077586285769939,1.2489688700403712
2021-09-15 17:30:00+00:00,15660682.974,-8968656.174,19373682.527000003,15660681.865469735,-8968655.974459957,19373682.03928045,1.1085302643477917,-0.1995400432497263,0.4877195507287979,1.2274061821573934
2021-09-15 17:35:00+00:00,16348280.451000001,-8694616.729,18934080.906,16348279.366593836,-8694616.509009084,18934080.448257443,1.084406165406108,-0.21999091655015945,0.4577425569295883,1.1974393443343156
2021-09-15 17:40:00+00:00,17023746.501000002,-8437771.187,18457914.437,17023745.44447354,-8437770.956040576,18457914.021034695,1.0565264634788036,-0.23095942474901676,0.4159653037786484,1.1587137514757853
2021-09-15 17:45:00+00:00,17685374.821000002,-8197935.933,17946127.846,17685373.79764793,-8197935.706370107,17946127.487639893,1.0233520716428757,-0.2266298932954669,0.3583601079881191,1.1077150076026487
2021-09-15 17:50:00+00:00,18331491.696000002,-7974828.259,17399733.729,18331490.70693106,-7974828.052816532,17399733.44868037,0.9890689440071583,-0.2061834679916501,0.28031962737441063,1.0484980171482574
2021-09-15 17:55:00+00:00,18960462.650000002,-7768068.368,16819810.367,18960461.698486794,-7768068.201808184,16819810.188015424,0.9515132084488869,-0.16619181539863348,0.17898457497358322,0.9823607196120284
2021-09-15 18:00:00+00:00,19570698.948000003,-7577181.818,16207499.414,19570697.445377573,-7577182.099567287,16207499.626177818,1.5026224292814732,0.2815672867000103,-0.2121778167784214,1.54342921050893
2021-09-15 18:05:00+00:00,20160663.875,-7401602.388,15564003.478,20160662.365265556,-7401602.637253099,15564003.690732094,1.5097344443202019,0.24925309885293245,-0.2127320934087038,1.544888391833102
2021-09-15 18:10:00+00:00,20728878.801,-7240675.338,14890583.588,20728877.3025481,-7240675.541672706,14890583.789545441,1.4984518997371197,0.20367270521819592,-0.2015454415231943,1.5256019243811474
2021-09-15 18:15:00+00:00,21273928.990000002,-7093661.064,14188556.565000001,21273927.519803043,-7093661.210970387,14188556.743110402,1.470196958631277,0.14697038661688566,-0.1781104002147913,1.4882213230483048
2021-09-15 18:20:00+00:00,21794469.127,-6959739.120999999,13459292.291,21794467.70231249,-6959739.201376472,13459292.435517475,1.4246875084936619,0.08037647232413292,-0.14451747573912144,1.4342524795011364
2021-09-15 18:25:00+00:00,22289228.554,-6838012.592,12704210.898,22289227.189051904,-6838012.599133873,12704210.999367243,1.364948097616434,0.007133873179554939,-0.10136724263429642,1.3687255090822794
2021-09-15 18:30:00+00:00,22757016.174,-6727512.792,11924779.867999999,22757014.882649682,-6727512.72148937,11924779.919267613,1.2913503162562847,-0.07051063049584627,-0.05126761458814144,1.2942896726056676
2021-09-15 18:35:00+00:00,23196725.025,-6627204.273,11122511.064000001,23196723.81862818,-6627204.124569272,11122511.060731193,1.2063718177378178,-0.14843072835355997,0.003268808126449585,1.2154732941772857
2021-09-15 18:40:00+00:00,23607336.488,-6535990.12,10298957.692,23607335.375852197,-6535989.894779875,10298957.631305909,1.1121478043496609,-0.22522012516856194,0.06069409102201462,1.1363452891554147
2021-09-15 18:45:00+00:00,23987924.124,-6452717.496,9455711.199,23987923.111787964,-6452717.199305667,9455711.080769023,1.0122120380401611,-0.2966943336650729,0.11823097616434097,1.0614044004559013
2021-09-15 18:50:00+00:00,24337657.117,-6376183.429,8594398.12,24337656.207903523,-6376183.070336677,8594397.947193295,0.9090964756906033,-0.358663322404027,0.17280670441687107,0.9924504713296228
2021-09-15 18:55:00+00:00,24655803.319,-6305140.807,7716676.875,24655802.512313098,-6305140.396831253,7716676.655653742,0.8066869005560875,-0.41016874741762877,0.21934625785797834,0.9311793262971597
2021-09-15 19:00:00+00:00,24941731.876000002,-6238304.544,6824234.533,24941731.168575633,-6238304.096919835,6824234.276286008,0.7074243687093258,-0.44708016514778137,0.256713991984725,0.8753467799638547
2021-09-15 19:05:00+00:00,25194915.436,-6174357.911,5918783.529,25194914.821389247,-6174357.443480359,5918783.248334595,0.6146107539534569,-0.4675196409225464,0.28066540509462357,0.8216410792678956
2021-09-15 19:10:00+00:00,25414931.924,-6111958.984,5002058.363,25414931.391775645,-6111958.514959146,5002058.076740785,0.532224353402853,-0.46904085390269756,0.2862592153251171,0.764987858298031
2021-09-15 19:15:00+00:00,25601465.88,-6049747.193999999,4075812.278,25601465.416207682,-6049746.743184211,4075812.007718949,0.4637923166155815,-0.45081578847020864,0.2702810508199036,0.7009921786425117
2021-09-15 19:20:00+00:00,25754309.358,-5986349.938999999,3141813.919,25754308.94599559,-5986349.529707979,3141813.6896558185,0.41200440749526024,-0.4092920199036598,0.2293441817164421,0.624392779458189
2021-09-15 19:25:00+00:00,25873362.385,-5920389.248000001,2201843.985,25873362.005103204,-5920388.90212925,2201843.825542791,0.3798967972397804,-0.3458707509562373,0.15945720905438066,0.5379356415404047
2021-09-15 19:30:00+00:00,25958632.978,-5850488.442,1257691.8800000001,25958632.606406346,-5850488.181877444,1257691.8230167746,0.3715936541557312,-0.26012255623936653,0.056983225513249636,0.45715716779156534
2021-09-15 19:35:00+00:00,26010236.718,-5775278.7870000005,311152.366,26010236.328227546,-5775278.635086478,311152.4479415866,0.3897724524140358,-0.15191352274268866,-0.08194158662809059,0.4262800800789008
2021-09-15 19:40:00+00:00,26028395.89,-5693406.101,-635977.774,26028395.454772517,-5693406.078450231,-635977.5126879319,0.43522748351097107,-0.022549768909811974,-0.2613120680907741,0.5081490444850368
2021-09-15 19:45:00+00:00,26013438.197,-5603537.2870000005,-1581903.056,26013437.685852576,-5603537.412321031,-1581902.572893391,0.5111474245786667,0.12532103061676025,-0.48310660920105875,0.7144011801655952
2021-09-15 19:50:00+00:00,25965795.041,-5504366.765,-2524832.6010000003,25965794.422994398,-5504367.053791006,-2524831.849448189,0.6180056035518646,0.28879100643098354,-0.7515518111176789,1.014968618338118
2021-09-15 19:55:00+00:00,25885999.399,-5394622.777,-3462983.407,25885998.640708487,-5394623.243076932,-3462982.3379008784,0.7582915127277374,0.4660769319161773,-1.0690991217270494,1.3911170536000432
2021-09-15 20:00:00+00:00,25774683.286,-5273073.545,-4394583.597,25774682.664778903,-5273073.584229762,-4394583.217877525,0.6212210953235626,0.03922976180911064,-0.3791224751621485,0.7288267795983352
2021-09-15 20:05:00+00:00,25632574.829,-5138533.243,-5317875.625,25632574.260690693,-5138533.316906564,-5317875.223248609,0.5683093070983887,0.07390656415373087,-0.401751390658319,0.6998870113493703
2021-09-15 20:10:00+00:00,25460494.967,-4989867.772,-6231119.449,25460494.44953369,-4989867.887144584,-6231119.018595377,0.5174663104116917,0.11514458432793617,-0.4304046230390668,0.682845368472646
2021-09-15 20:15:00+00:00,25259353.777,-4826000.307999999,-7132595.652,25259353.30781347,-4826000.470049821,-7132595.187135388,0.46918652951717377,0.1620498215779662,-0.4648646116256714,0.680070034110978
2021-09-15 20:20:00+00:00,25030146.459,-4645916.601,-8020608.515,25030146.03520014,-4645916.814652403,-8020608.011679131,0.42379985749721527,0.21365240309387445,-0.5033208690583706,0.691798789961446
2021-09-15 20:25:00+00:00,24773948.989,-4448670.0030000005,-8893489.041000001,24773948.60730695,-4448670.274173071,-8893488.494550537,0.3816930502653122,0.27117307018488646,-0.546449463814497,0.7196050549554851
2021-09-15 20:30:00+00:00,24491913.46,-4233386.215000001,-9749597.911,24491913.11681505,-4233386.546806512,-9749597.319416188,0.3431849516928196,0.33180651161819696,-0.5915838126093149,0.7601597723913129
2021-09-15 20:35:00+00:00,24185263.133,-3999267.712,-10587328.388,24185262.822812915,-3999268.108154622,-10587327.751056414,0.31018708646297455,0.3961546220816672,-0.6369435861706734,0.8116967692242069
2021-09-15 20:40:00+00:00,23855287.211,-3745597.855,-11405109.152999999,23855286.929265596,-3745598.31773509,-11405108.469267508,0.2817344032227993,0.46273508993908763,-0.6837324909865856,0.8723463513140659
2021-09-15 20:45:00+00:00,23503335.372,-3471744.652,-12201407.061,23503335.114489235,-3471745.1833488047,-12201406.333234427,0.2575107663869858,0.5313488049432635,-0.7277655731886625,0.9371691826124404
2021-09-15 20:50:00+00:00,23130812.073000003,-3177164.17,-12974729.842,23130811.834380336,-3177164.7684843186,-12974729.072859963,0.23861966654658318,0.598484318703413,-0.7691400367766619,1.0033440193520344
2021-09-15 20:55:00+00:00,22739170.647,-2861403.565,-13723628.709,22739170.422933154,-2861404.2293879725,-13723627.903676145,0.2240668460726738,0.6643879725597799,-0.8053238559514284,1.0677845487529436
2021-09-15 21:00:00+00:00,22329907.226999998,-2524103.7419999996,-14446700.897,22329907.014273852,-2524104.4699063823,-14446700.062098349,0.2127261459827423,0.7279063826426864,-0.8349016513675451,1.1279010960775266
2021-09-15 21:05:00+00:00,21904554.516,-2165001.616,-15142592.114,21904554.31104189,-2165002.403728625,-15142591.257911716,0.20495810732245445,0.7877286248840392,-0.8560882844030857,1.1812753120721353
2021-09-15 21:10:00+00:00,21464675.424000002,-1783931.9740000002,-15809998.909,21464675.224460796,-1783932.815197898,-15809998.041001607,0.1995392069220543,0.8411978979129344,-0.867998393252492,1.2250922451967157
2021-09-15 21:15:00+00:00,21011856.607,-1380828.923,-16447670.949,21011856.41185778,-1380829.8114301544,-16447670.079456823,0.1951422207057476,0.8884301544167101,-0.8695431761443615,1.2583695644595407
2021-09-15 21:20:00+00:00,20547701.93,-955726.934,-17054413.205000002,20547701.737716623,-955727.8600662947,-17054412.346284825,0.19228337705135345,0.9260662946617231,-0.8587151765823364,1.2774832420394404
2021-09-15 21:25:00+00:00,20073825.872,-508761.45300000004,-17629088.048,20073825.684579585,-508762.4085794762,-17629087.2120828,0.18742041662335396,0.9555794761399738,-0.8359172008931637,1.2833612564419576
2021-09-15 21:30:00+00:00,19591846.922000002,-40169.109,-18170617.24,19591846.74025245,-40170.08267240226,-18170616.44110739,0.18174755200743675,0.9736724022659473,-0.7988926097750664,1.2725170024593986
2021-09-15 21:35:00+00:00,19103380.961,449712.517,-18677983.836,19103380.787811406,449711.53709471785,-18677983.088279855,0.17318859323859215,0.9799052821472287,-0.7477201446890831,1.24470641742616
2021-09-15 21:40:00+00:00,18610034.683999997,960445.532,-19150233.978,18610034.52486365,960444.5596887637,-19150233.29475149,0.1591363474726677,0.9723112363135442,-0.68324850872159,1.1989754134338164
2021-09-15 21:45:00+00:00,18113399.077999998,1491492.798,-19586478.585,18113398.938373335,1491491.84664316,-19586477.97973852,0.1396266631782055,0.9513568398542702,-0.6052614822983742,1.1361852418341865
2021-09-15 21:50:00+00:00,17615042.975,2042219.405,-19985894.939999998,17615042.86113422,2042218.4897987014,-19985894.42641532,0.11386578157544136,0.9152012986596674,-0.5135846771299839,1.0556173804294988
2021-09-15 21:55:00+00:00,17116506.716,2611894.5629999996,-20347728.171,17116506.635648765,2611893.698210681,-20347727.759731166,0.08035123348236084,0.8647893187589943,-0.41126883402466774,0.9609677103845853
2021-09-15 22:00:00+00:00,16619295.947999999,3199693.8839999996,-20671292.613,16619295.829620527,3199692.972674337,-20671292.142456505,0.11837947182357311,0.9113256623968482,-0.4705434963107109,1.0324433854757318
2021-09-15 22:05:00+00:00,16124875.581,3804702.075,-20955973.066999998,16124875.451859746,3804701.1409479566,-20955972.609246835,0.12914025411009789,0.93405204359442,-0.45775316283106804,1.0481738326519983
2021-09-15 22:10:00+00:00,15634663.920000002,4425915.992000001,-21201225.941,15634663.785829064,4425915.030493812,-21201225.49929794,0.13417093828320503,0.9615061888471246,-0.44170206040143967,1.066581784034396
2021-09-15 22:15:00+00:00,15150027.01,5062248.085999999,-21406580.278,15150026.877189053,5062247.090804558,-21406579.855010614,0.13281094655394554,0.9951954409480095,-0.4229893870651722,1.089482783148971
2021-09-15 22:20:00+00:00,14672273.203,5712530.1959999995,-21571638.658,14672273.079830686,5712529.159644084,-21571638.259276845,0.12316931411623955,1.036355915479362,-0.39872315526008606,1.117221740761202
2021-09-15 22:25:00+00:00,14202647.981,6375517.687,-21696077.990999997,14202647.876071636,6375516.603309864,-21696077.623943575,0.10492836497724056,1.0836901357397437,-0.3670564219355583,1.1489667919311488
2021-09-15 22:30:00+00:00,13742329.046,7049893.9229999995,-21779650.186,13742328.968254466,7049892.785252236,-21779649.85723564,0.07774553447961807,1.1377477636560798,-0.3287643603980541,1.1868447019319224
2021-09-15 22:35:00+00:00,13292421.703,7734275.045,-21822182.69,13292421.661839215,7734273.84593575,-21822182.40857402,0.04116078466176987,1.1990642501041293,-0.28142598271369934,1.2323351288582671
2021-09-15 22:40:00+00:00,12853954.555,8427215.041,-21823578.914,12853954.559013663,8427213.775576286,-21823578.689303864,-0.004013663157820702,1.2654237132519484,-0.22469613701105118,1.2852243529983327
2021-09-15 22:45:00+00:00,12427875.523999998,9127211.097,-21783818.527,12427875.580701489,9127209.760194728,-21783818.36793073,-0.05670149065554142,1.3368052709847689,-0.1590692698955536,1.3474295618696832
2021-09-15 22:50:00+00:00,12015048.217,9832709.192,-21702957.623999998,12015048.333635438,9832707.780296821,-21702957.538552117,-0.11663543805480003,1.4117031786590815,-0.08544788137078285,1.419088098208545
2021-09-15 22:55:00+00:00,11616248.658,10542109.927,-21581128.764000002,11616248.837882144,10542108.44042297,-21581128.761267554,-0.17988214455544949,1.4865770284086466,-0.0027324482798576355,1.4974232246081105
2021-09-15 23:00:00+00:00,11232162.382000001,11253774.568,-21418540.886,11232162.628860079,11253773.006817043,-21418540.973453697,-0.24686007760465145,1.5611829571425915,0.0874536968767643,1.5829972434230182
2021-09-15 23:05:00+00:00,10863381.933,11966031.261,-21215479.089,10863382.246485833,11966029.629541889,-21215479.270902235,-0.3134858328849077,1.6314581111073494,0.1819022335112095,1.6712322873478334
2021-09-15 23:10:00+00:00,10510404.746,12677181.42,-20972304.279,10510405.122620437,12677179.724526165,-20972304.557940107,-0.37662043794989586,1.6954738348722458,0.2789401076734066,1.75905715162607
2021-09-15 23:15:00+00:00,10173631.443,13385506.240999999,-20689452.691,10173631.876469668,13385504.490266528,-20689453.06578185,-0.43346966803073883,1.750733470544219,0.37478185072541237,1.8421251514540617
2021-09-15 23:20:00+00:00,9853364.546,14089273.325,-20367435.272,9853365.026025485,14089271.533233842,-20367435.738506477,-0.4800254851579666,1.791766157373786,0.466506477445364,1.9127150134323843
2021-09-15 23:25:00+00:00,9549807.608,14786743.393000001,-20006836.936,9549808.122023135,14786741.575446976,-20006837.486204363,-0.5140231363475323,1.817553024739027,0.5502043627202511,1.9673443072311814
2021-09-15 23:30:00+00:00,9263064.780000001,15476177.040000001,-19608315.685000002,9263065.309234954,15476175.217186082,-19608316.305005487,-0.529234953224659,1.822813918814063,0.6200054846704006,1.996784169448057
2021-09-15 23:35:00+00:00,8993140.796,16155841.532,-19172601.594,8993141.318234362,16155839.727421284,-19172602.263878662,-0.5222343616187572,1.8045787159353495,0.6698786616325378,1.9944850191898724
2021-09-15 23:40:00+00:00,8739941.401,16824017.593000002,-18700495.663999997,8739941.889042888,16824015.834238634,-18700496.35828286,-0.4880428873002529,1.7587613686919212,0.6942828632891178,1.9528072373136023
2021-09-15 23:45:00+00:00,8503274.202,17479006.171,-18192868.544,8503274.626329944,17479004.487353027,-18192869.23095667,-0.4243299439549446,1.6836469732224941,0.6869566701352596,1.8672526605741913
2021-09-15 23:50:00+00:00,8282849.96,18119135.139000002,-17650659.119,8282850.284071606,18119133.56471216,-17650659.7603505,-0.3240716056898236,1.5742878429591656,0.6413505002856255,1.7305302893390873
2021-09-15 23:55:00+00:00,8078284.292,18742765.923,-17074872.968,8078284.475798802,18742764.495219473,-17074873.517438427,-0.1837988020852208,1.4277805276215076,0.5494384281337261,1.540851005455483
